BEGIN;

TRUNCATE
  wow_gear,
  gear_finder_users
  RESTART IDENTITY CASCADE;

INSERT INTO gear_finder_users (user_name, password)
VALUES
  ('dunder', 'password'),
  ('b.deboop', 'bo-password'),
  ('c.bloggs', 'charlie-password'),
  ('s.smith', 'sam-password'),
  ('lexlor', 'lex-password'),
  ('wippy', 'ping-password');

INSERT INTO wow_gear (item_name, item_category, item_type, item_class, item_location, item_source, main_stat, primary_stat, secondary_stat, item_id)
VALUES
  ('Collectors Pulse Staff', 'Weapon', 'Staff', 'Two-Hand', 'De Other Side', 'Dealer Xyexa', 'Agility', 'Versatility', 'Haste', '179347'),
  ('Whizblast Walking Stick', 'Weapon', 'Staff', 'Two-Hand', 'De Other Side', 'The Manastorms', 'Intellect', 'Mastery', 'Versatility', '179339'),
  ('Zinkhas, Blade of the Fallen God', 'Weapon', 'Sword', 'Two-Hand', 'De Other Side', 'Hakkar the Soulflayer', 'Strength', 'Critical Strike', 'Mastery', '179330'),
  ('Bloodspiller', 'Weapon', 'Sword', 'One-Hand', 'De Other Side', 'Hakkar the Soulflayer', 'Agility', 'Critical Strike', 'Versatility', '179328'),
  ('Supercollider', 'Weapon', 'Mace', 'One-Hand', 'De Other Side', 'The Manastorms', 'Strength', 'Critical Strike', 'Mastery', '179340'),
  ('Xy Cartel Crossbow', 'Weapon', 'Crossbow', 'Two-Hand', 'De Other Side', 'Dealer Xyexa', 'Agility', 'Mastery', 'Critical Strike', '179348'),
  ('Far Travelers Shoulderpads', 'Armor', 'Leather', 'Shoulder', 'De Other Side', 'Dealer Xyexa', 'Flex', 'Critical Strike', 'Versatility', '179344'),
  ('Dealer Xyexas Cape', 'Armor', 'All', 'Back', 'De Other Side', 'Dealer Xyexa', 'Flex', 'Mastery', 'Versatility', '179349'),
  ('Breastplate of Fatal Contrivances', 'Armor', 'Plate', 'Chest', 'De Other Side', 'Dealer Xyexa', 'Flex', 'Critical Strike', 'Haste', '179346'),
  ('Harness of Twisted Whims', 'Armor', 'Mail', 'Chest', 'De Other Side', 'Muehzala', 'Flex', 'Haste','Critical Strike', '179353'),
  ('Manastorms Magnificent Threads', 'Armor', 'Cloth', 'Chest', 'De Other Side', 'The Manastorms', 'Flex', 'Versatility', 'Critical Strike', '179335'),
  ('Reality-Shatter Vambraces', 'Armor', 'Plate', 'Wrist', 'De Other Side', 'Muehzala', 'Flex', 'Critical Strike', 'Versatility', '179354'),
  ('Hakkari Revenants Grips', 'Armor', 'Mail', 'Hands', 'De Other Side', 'Hakkar the Soulflayer', 'Flex', 'Haste', 'Critical Strike', '179325'),
  ('Rocket Chicken Handlers', 'Armor', 'Leather', 'Hands', 'De Other Side', 'The Manastorms', 'Flex', 'Mastery', 'Critical Strike', '179336'),
  ('Girdle of the Soulflayer', 'Armor', 'Plate', 'Waist', 'De Other Side', 'Hakkar the Soulflayer', 'Flex', 'Haste', 'Versatility', '179326'),
  ('Sash of Exquisite Acquisitions', 'Armor', 'Cloth', 'Waist', 'De Other Side', 'Dealer Xyexa', 'Flex', 'Mastery', 'Versatility', '179343'),
  ('Muehzalas Hexthread Sarong', 'Armor', 'Cloth', 'Legs', 'De Other Side', 'Muehzala', 'Flex', 'Haste', 'Mastery', '179351'),
  ('Soulfeather Breeches', 'Armor', 'Leather', 'Legs', 'De Other Side', 'Hakkar the Soulflayer', 'Flex', 'Haste', 'Mastery', '179324'),
  ('Techno-Coil Legguards', 'Armor', 'Mail', 'Legs', 'De Other Side', 'The Manastorms', 'Flex', 'Mastery', 'Haste', '179337'),
  ('Dynamo Doomstompers', 'Armor', 'Plate', 'Feet', 'De Other Side', 'The Manastorms', 'Flex', 'Critical Stirke', 'Haste', '179338'),
  ('Primeval Souls Ankleguards', 'Armor', 'Leather', 'Feet', 'De Other Side', 'Muehzala', 'Flex', 'Mastery', 'Critical Strike', '179352'),
  ('Spatial Rift Striders', 'Armor', 'Mail', 'Feet', 'De Other Side', 'Dealer Xyexa', 'Flex', 'Haste', 'Critical Strike', '179345'),
  ('Windscale Moccasin', 'Armor', 'Cloth', 'Feet', 'De Other Side', 'Hakkar the Soulflayer', 'Flex', 'Versatility', 'Critical Strike', '179322'),
  ('Death Gods Signet', 'Armor', 'All', 'Ring', 'De Other Side', 'Muehzala', 'Flex', 'Haste', 'Mastery', '179355'),
  ('Nathrian Reula', 'Weapon', 'Staff', 'Two-Hand', 'Halls of Atonement', 'Lord Chamberlain', 'Intellect', 'Haste', 'Critical Strike', '178829'),
  ('Stoneguardians Morningstar', 'Weapon', 'Mace', 'One-Hand', 'Halls of Atonement', 'Echelon', 'Agility', 'Mastery', 'Critical Strike', '178834'),
  ('Nathrian Tabernacle', 'Weapon', 'Off-Hand', 'One-Hand', 'Halls of Atonement', 'High Adjudicator Aleez', 'Intellect', 'Versatility', 'Critical Strike', '178828'),
  ('Hood of Refracted Shadows', 'Armor', 'Leather', 'Head', 'Halls of Atonement', 'Halkias, the Sin-Stained Goliath', 'Flex', 'Critical Strike', 'Mastery', '178817'),
  ('Nathrian Usurpers Mask', 'Armor', 'Mail', 'Head', 'Halls of Atonement', 'Lord Chamberlain', 'Flex', 'Versatility', 'Haste', '178816'),
  ('Wing Commanders Helmet', 'Armor', 'Plate', 'Head', 'Halls of Atonement', 'Echelon', 'Flex', 'Mastery', 'Haste', '178812'),
  ('Sin Stained Pendant', 'Armor', 'All', 'Neck', 'Halls of Atonement', 'Halkias, the Sin-Stained Goliath', 'Flex', 'Haste', 'Mastery', '178827'),
  ('Mantle of Ephemeral Visages', 'Armor', 'Mail', 'Shoulder', 'Halls of Atonement', 'High Adjudicator Aleez', 'Flex', 'Mastery', 'Versatility', '178821'),
  ('Pauldrons of Unleashed Pride', 'Armor', 'Plate', 'Shoulder', 'Halls of Atonement', 'Lord Chamberlain', 'Flex', 'Versatility', 'Mastery', '178820'),
  ('Breastplate of Otherworldly Influence', 'Armor', 'Plate', 'Chest', 'Halls of Atonement', 'High Adjudicator Aleez', 'Flex', 'Haste', 'Critical Strike', '178814'),
  ('Sinlight Shroud', 'Armor', 'All', 'Back', 'Halls of Atonement', 'Halkias, the Sin-Stained Goliath', 'Flex', 'Critical Strike', 'Haste', '178813'),
  ('Soaring Decimators Hauberk', 'Armor', 'Mail', 'Chest', 'Halls of Atonement', 'Echelon', 'Flex', 'Mastery', 'Critical Strike', '178815'),
  ('Gloves of Haunting Fixation', 'Armor', 'Leather', 'Hands', 'Halls of Atonement', 'High Adjudicator Aleez', 'Flex', 'Versatility', 'Haste', '178832'),
  ('Stonefiend Shapers Mitts', 'Armor', 'Cloth', 'Hands', 'Halls of Atonement', 'Echelon', 'Flex', 'Critical Strike', 'Haste', '178833'),
  ('Cord of the Dark Word', 'Armor', 'Cloth', 'Waist', 'Halls of Atonement', 'High Adjudicator Aleez', 'Flex', 'Critical Strike', 'Versatility', '178822'),
  ('Wastcord of Dark Devotion', 'Armor', 'Leather', 'Waist', 'Halls of Atonement', 'Lord Chamberlain', 'Flex', 'Mastery', 'Versatility', '178823'),
  ('Halkiass Towering Pillars', 'Armor', 'Plate', 'Legs', 'Halls of Atonement', 'Halkias, the Sin-Stained Goliath', 'Flex', 'Versatility', 'Haste', '178818'),
  ('Skyterrors Stonehide Leggings', 'Armor', 'Leather', 'Legs', 'Halls of Atonement', 'Echelon', 'Flex', 'Mastery', 'Haste', '178819'),
  ('Shardskin Sabatons', 'Armor', 'Mail', 'Feet', 'Halls of Atonement', 'Halkias, the Sin-Stained Goliath', 'Flex', 'Mastery', 'Critical Strike', '178830'),
  ('Slippers of Leavened Station', 'Armor', 'Cloth', 'Feet', 'Halls of Atonement', 'Lord Chamberlain', 'Flex', 'Haste', 'Critical Strike', '178831'),
  ('Signet of the False Accuser', 'Armor', 'All', 'Ring', 'Halls of Atonement', 'Lord Chamberlain', 'Flex', 'Mastery', 'Haste', '178824'),
  ('Lakalis Spire of Knowledge', 'Weapon', 'Staff', 'Two-Hand', 'Mists of Tirna Scithe', 'Tredova', 'Intellect', 'Versatility', 'Mastery', '178714'),
  ('Drustlords Greataxe', 'Weapon', 'Axe', 'Two-Hand', 'Mists of Tirna Scithe', 'Ingra Maloch', 'Strength', 'Haste', 'Versatility', '178713'),
  ('Axe of the Dreadgrove', 'Weapon', 'Axe', 'Two-Hand', 'Mists of Tirna Scithe', 'Tredova', 'Strength', 'Versatility', 'Haste', '178711'),
  ('Scithewood Scepter', 'Weapon', 'Mace', 'One-Hand', 'Mists of Tirna Scithe', 'Ingra Maloch', 'Intellect', 'Mastery', 'Critical Strike', '178709'),
  ('Tanglewood Thorn', 'Weapon', 'Dagger', 'One-Hand', 'Mists of Tirna Scithe', 'Mistcaller', 'Agility', 'Haste', 'Versatility', '178710'),
  ('Acidslough Bulwark', 'Weapon', 'Shield', 'One-Hand', 'Mists of Tirna Scithe', 'Tredova', 'Flex', 'Mastery', 'Haste', '178712'),
  ('Wrathbark Greathelm', 'Armor', 'Plate', 'Head', 'Mists of Tirna Scithe', 'Ingra Maloch', 'Flex', 'Haste', 'Mastery', '178694'),
  ('Hood of the Hidden Path', 'Armor', 'Leather', 'Head', 'Mists of Tirna Scithe', 'Mistcaller', 'Flex', 'Haste', 'Mastery', '178691'),
  ('Cocoonsilk Cowl', 'Armor', 'Cloth', 'Head', 'Mists of Tirna Scithe', 'Tredova', 'Flex', 'Versatility', 'Haste', '178693'),
  ('Soulthorn Visage', 'Armor', 'Mail', 'Head', 'Mists of Tirna Scithe', 'Ingra Maloch', 'Flex', 'Mastery', 'Haste', '178692'),
  ('Trailspinner Pendant', 'Armor', 'All', 'Neck', 'Mists of Tirna Scithe', 'Mistcaller', 'Flex', 'Mastery', 'Critical Strike', '178707'),
  ('Praksters Pauldrons', 'Armor', 'Plate', 'Shoulder', 'Mists of Tirna Scithe', 'Mistcaller', 'Flex', 'Mastery', 'Versatility', '178697'),
  ('Wintersnap Shoulderguards', 'Armor', 'Mail', 'Shoulder', 'Mists of Tirna Scithe', 'Mistcaller', 'Flex', 'Haste', 'Mastery', '178695'),
  ('Ingra Malochs Mantle', 'Armor', 'Cloth', 'Shoulder', 'Mists of Tirna Scithe', 'Ingra Maloch', 'Flex', 'Critical Strike', 'Versatility', '178696'),
  ('Rainshadow Hauberk', 'Armor', 'Leather', 'Chest', 'Mists of Tirna Scithe', 'Ingra Maloch', 'Flex', 'Haste', 'Critical Strike', '178698'),
  ('Deathshackle Wristwraps', 'Armor', 'Cloth', 'Wrist', 'Mists of Tirna Scithe', 'Ingra Maloch', 'Flex', 'Haste', 'Versatility', '178704'),
  ('Band of the Undergrowth', 'Armor', 'Leather', 'Wrist', 'Mists of Tirna Scithe', 'Tredova', 'Flex', 'Critical Strike', 'Versatility', '178702'),
  ('Hiveswarm Bracers', 'Armor', 'Mail', 'Wrist', 'Mists of Tirna Scithe', 'Tredova', 'Flex', 'Mastery', 'Versatility', '178703'),
  ('Tricksprite Gloves', 'Armor', 'Cloth', 'Hands', 'Mists of Tirna Scithe', 'Mistcaller', 'Flex', 'Haste', 'Critical Strike', '178705'),
  ('Fogweaver Gauntlets', 'Armor', 'Plate', 'Hands', 'Mists of Tirna Scithe', 'Mistcaller', 'Flex', 'Mastery', 'Critical Strike', '178706'),
  ('Clasp of Waning Shadow', 'Armor', 'Mail', 'Waist', 'Mists of Tirna Scithe', 'Ingra Maloch', 'Flex', 'Versatility', 'Mastery', '178700'),
  ('Sapgorger Belt', 'Armor', 'Leather', 'Waist', 'Mists of Tirna Scithe', 'Tredova', 'Flex', 'Haste', 'Versatility', '178699'),
  ('Gormshell Greaves', 'Armor', 'Plate', 'Legs', 'Mists of Tirna Scithe', 'Tredova', 'Flex', 'Mastery', 'Haste', '178701'),
  ('Halberd of the Aranakk', 'Weapon', 'Polearm', 'Two-Hand', 'Plaguefall', 'Domina Venomblade', 'Agility', 'Haste', 'Critical Strike', '178929'),
  ('Dominas Oozing Shiv', 'Weapon', 'Dagger', 'One-Hand', 'Plaguefall', 'Domina Venomblade', 'Agility', 'Critical Strike', 'Mastery', '178928'),
  ('Poxstorm, Longsword of Pestilence', 'Weapon', 'Sword', 'One-Hand', 'Plaguefall', 'Margrave Stradama', 'Agility', 'Haste', 'Mastery', '178754'),
  ('Sophisticated Bonecracker', 'Weapon', 'Mace', 'One-Hand', 'Plaguefall', 'Doctor Ickus', 'Strength', 'Versatility', 'Haste', '178752'),
  ('Surgical Pustule Extractor', 'Weapon', 'Dagger', 'One-Hand', 'Plaguefall', 'Globgrog', 'Intellect', 'Critical Strike', 'Mastery', '178753'),
  ('Digested Interrogators Gaze', 'Armor', 'Leather', 'Head', 'Plaguefall', 'Globrog', 'Flex', 'Mastery', 'Haste', '178760'),
  ('Plague Handlers Greathelm', 'Armor', 'Plate', 'Head', 'Plaguefall', 'Globrog', 'Flex', 'Critical Strike', 'Mastery', '178773'),
  ('Depraved Physicians Mask', 'Armor', 'Cloth', 'Head', 'Plaguefall', 'Doctor Ickus', 'Flex', 'Haste', 'Mastery', '178759'),
  ('Plagueborne Shoulderguards', 'Armor', 'Mail', 'Shoulder', 'Plaguefall', 'Margrave Stradama', 'Flex', 'Critical Strike', 'Versatility', '178764'),
  ('Malodorous Gristle-Sown Spaulders', 'Armor', 'Leather', 'Shoulder', 'Plaguefall', 'Doctor Ickus', 'Flex', 'Versatility', 'Mastery', '178763'),
  ('Blighted Margraves Cloak', 'Armor', 'All', 'Back', 'Plaguefall', 'Margrave Stradama', 'Flex', 'Versatility', 'Haste', '178755'),
  ('Fastened Venombarb Binds', 'Armor', 'Leather', 'Wrist', 'Plaguefall', 'Domina Venomblade', 'Flex', 'Mastery', 'Versatility', '178934'),
  ('Tortured Assistants Bindings', 'Armor', 'Mail', 'Wrist', 'Plaguefall', 'Doctor Ickus', 'Flex', 'Versatility', 'Mastery', '178767'),
  ('Mitts of Flawless Duplication', 'Armor', 'Cloth', 'Hands', 'Plaguefall', 'Domina Venomblade', 'Flex', 'Versatility', 'Haste', '178930'),
  ('Gloves of Obscure Rituals', 'Armor', 'Leather', 'Hands', 'Plaguefall', 'Margrave Stradama', 'Flex', 'Critical Strike', 'Haste', '178757'),
  ('Fleshfused Crushers', 'Armor', 'Plate', 'Hands', 'Plaguefall', 'Doctor Ickus', 'Flex', 'Versatility', 'Haste', '178775'),
  ('Scarred Bloodbound Girdle', 'Armor', 'Plate', 'Waist', 'Plaguefall', 'Domina Venomblade', 'Flex', 'Versatility', 'Mastery', '178931'),
  ('Belt of Wretched Manipulations', 'Armor', 'Mail', 'Waist', 'Plaguefall', 'Domina Venomblade', 'Flex', 'Critical Strike', 'Versatility', '178932'),
  ('Leggins of the Erudite Scholar', 'Armor', 'Cloth', 'Legs', 'Plaguefall', 'Margrave Stradama', 'Flex', 'Versatility', 'Haste', '178761'),
  ('Blightborne Chain Legguards', 'Armor', 'Mail', 'Legs', 'Plaguefall', 'Globgrog', 'FLex', 'Critical Strike', 'Mastery', '178762'),
  ('Muckwallow Stompers', 'Armor', 'Plate', 'Feet', 'Plaguefall', 'Margrave Stradama', 'Flex', 'Haste', 'Critical Strike', '178774'),
  ('Stradamas Misplaced Slippers', 'Armor', 'Cloth', 'Feet', 'Plaguefall', 'Globgrog', 'Flex', 'Mastery', 'Critical Strike', '178756'),
  ('Arachnid Cipher Ring', 'Armor', 'All', 'Ring', 'Plaguefall', 'Domina Venomblade', 'Flex', 'Critical Strike', 'Haste', '178756'),
  ('Voracious Gorger Spine', 'Weapon', 'Dagger', 'One-Hand', 'Sanguine Depths', 'Kryxis the Voracious', 'Agility', 'Versatility', 'Haste', '178853'),
  ('Hungering Devourers Twinblade', 'Weapon', 'Warglaive', 'One-Hand', 'Sanguine Depths', 'Kryxis the Voracious', 'Agility', 'Critical Strike', 'Versatility', '178854'),
  ('Stone Generals Edge', 'Weapon', 'Axe', 'One-Hand', 'Sanguine Depths', 'General Kaal', 'Agility', 'Haste', 'Versatility', '178857'),
  ('Kaals Gloomblade', 'Weapon', 'Sword', 'One-Hand', 'Sanguine Depths', 'General Kaal', 'Intellect', 'Versatility', 'Mastery', '178856'),
  ('Sinsmasher', 'Weapon', 'Mace', 'One-Hand', 'Sanguine Depths', 'Executor Tarvold', 'Strength', 'Mastery', 'Critical Strike', '178855'),
  ('Vessel of Shining Radiance', 'Weapon', 'Off-Hand', 'One-Hand', 'Sanguine Depths', 'Grand Proctor Beryllia', 'Intellect', 'Critical Strike', 'Mastery', '178852'),
  ('Cowl of the Devoted General', 'Armor', 'Cloth', 'Head', 'Sanguine Depths', 'General Kaal', 'Flex', 'Mastery', 'Haste', '178860'),
  ('Wicked Bladewing Pauldrons', 'Armor', 'Leather', 'Shoulder', 'Sanguine Depths', 'General Kaal', 'Flex', 'Haste', 'Mastery', '178858'),
  ('Castigators Mantle', 'Armor', 'Cloth', 'Shoulder', 'Sanguine Depths', 'Executor Tarvold', 'Flex', 'Mastery', 'Versatility', '178859'),
  ('Cloak of Enveloping Manifestation', 'Armor', 'All', 'Back', 'Sanguine Depths', 'Executor Tarvold', 'Flex', 'Critical Strike', 'Mastery', '178851'),
  ('Anima-Splattered Hide', 'Armor', 'Leather', 'Chest', 'Sanguine Depths', 'Kryxis the Voracious', 'Flex', 'Versatility', 'Critical Strike', '178835'),
  ('Essence Surge Binders', 'Armor', 'Cloth', 'Wrist', 'Sanguine Depths', 'Kryxis the Voracious', 'Flex', 'Versatility', 'Mastery', '178844'),
  ('Shackles of Alluring Vitality', 'Armor', 'Mail', 'Wrist', 'Sanguine Depths', 'Kryxis the Voracious', 'Flex', 'Critical Strike', 'Versatility', '178846'),
  ('Radiant Light Binders', 'Armor', 'Leather', 'Wrist', 'Sanguine Depths', 'Grand Proctor Beryllia', 'Flex', 'Versatility', 'Mastery', '178847'),
  ('Vambraces of the Depraved Warden', 'Armor', 'Plate', 'Wrist', 'Sanguine Depths', 'Executor Tarvold', 'Flex', 'Haste', 'Versatility', '178845'),
  ('Guilewind Stone Talons', 'Armor', 'Plate', 'Hands', 'Sanguine Depths', 'General Kaal', 'Flex', 'Critical Strike', 'Haste', '178840'),
  ('Iron Spiked Handgrips', 'Armor', 'Mail', 'Hands', 'Sanguine Depths', 'Grand Proctor Beryllia', 'Flex', 'Mastery', 'Critical Strike', '178841'),
  ('Waistguard of Expurged Anguish', 'Armor', 'Plate', 'Waist', 'Sanguine Depths', 'Grand Proctor Beryllia', 'Flex', 'Critical Strike', 'Versatility', '178842'),
  ('Executors Prideful Girdle', 'Armor', 'Mail', 'Waist', 'Sanguine Depths', 'Executor Tarvold', 'Flex', 'Haste', 'Versatility', '178843'),
  ('Wind Dancers Legguards', 'Armor', 'Mail', 'Legs', 'Sanguine Depths', 'General Kaal', 'Flex', 'Haste', 'Mastery', '178839'),
  ('Beryllias Leggings of Endless Torment', 'Armor', 'Cloth', 'Legs', 'Sanguine Depths', 'Grand Proctor Beryllia', 'Flex', 'Critical Strike', 'Mastery', '178838'),
  ('Sabatons of the Rushing Juggernaut', 'Armor', 'Plate', 'Feet', 'Sanguine Depths', 'Kyxis the Voracious', 'Flex', 'Versatility', 'Critical Strike', '178836'),
  ('Sinsoaked Waders', 'Armor', 'Leather', 'Feet', 'Sanguine Depths', 'Executor Tarvold', 'Flex', 'Critical Strike', 'Haste', '178837'),
  ('Entwined Gorger Tendril', 'Armor', 'All', 'Ring', 'Sanguine Depths', 'Kryxis the Voracious', 'Flex', 'Critical Strike', 'Versatility', '178848'),
  ('Devos Cacophonous Poleaxe', 'Weapon', 'Polearm', 'Two-Hand', 'Spires of Ascension', 'Devos, Paragon of Doubt', 'Agility', 'Mastery', 'Versatility', '180096'),
  ('Quarterstaff of Discordant Ethic', 'Weapon', 'Staff', 'Two-Hand', 'Spires of Ascension', 'Kin-Tara', 'Agility', 'Critical Strike', 'Mastery', '180097'),
  ('Penitent Edge', 'Weapon', 'Axe', 'One-Hand', 'Spires of Ascension', 'Ventunax', 'Agility', 'Critical Strike', 'Mastery', '180095'),
  ('The Philosopher', 'Weapon', 'Bow', 'Two-Hand', 'Spires of Ascension', 'Oryphrion', 'Agility', 'Critical Strike', 'Haste', '180112'),
  ('Vicious Surge Faceguard', 'Armor', 'Leather', 'Head', 'Spires of Ascension', 'Oryphrion', 'Flex', 'Versatility', 'Haste', '180106'),
  ('Azure-Venom Choker', 'Armor', 'All', 'Neck', 'Spires of Ascension', 'Kin-Tara', 'Flex', 'Critical Strike', 'Versatility', '180115'),
  ('Drape of Twisted Loyalties', 'Armor', 'All', 'Back', 'Spires of Ascension', 'Devos, Paragon of Doubt', 'Flex', 'Haste', 'Critical Strike', '180123'),
  ('Breastplate of Brutal Dissonance', 'Armor', 'Plate', 'Chest', 'Spires of Ascension', 'Devos, Paragon of Doubt', 'Flex', 'Mastery', 'Critical Strike', '180099'),
  ('Sinister Requiem Vestments', 'Armor', 'Cloth', 'Chest', 'Spires of Ascension', 'Devos, Paragon of Doubt', 'Flex', 'Haste', 'Critical Strike', '180098'),
  ('Foresworn Stalkers Hauberk', 'Armor', 'Mail', 'Chest', 'Spires of Ascension', 'Kin-Tara', 'Flex', 'Versatility', 'Critical Strike', '180100'),
  ('Thunderous Echo Vambraces', 'Armor', 'Plate', 'Wrist', 'Spires of Ascension', 'Oryphrion', 'Flex', 'Mastery', 'Versatility', '180113'),
  ('Fallen Paragons Armguards', 'Armor', 'Mail', 'Wrist', 'Spires of Ascension', 'Devos, Paragon of Doubt', 'Flex', 'Haste', 'Versatility', '180114'),
  ('Absonant Constructs Handguards', 'Armor', 'Mail', 'Hands', 'Spires of Ascension', 'Oryphrion', 'Flex', 'Versatility', 'Haste', '180105'),
  ('Winged Hunters Gloves', 'Armor', 'Leather', 'Hands', 'Spires of Ascension', 'Kin-Tara', 'Flex', 'Haste', 'Critical Strike', '180103'),
  ('Distorted Constructs Guantlets', 'Armor', 'Plate', 'Hands', 'Spires of Ascension', 'Ventunax', 'Flex', 'Haste', 'Critical Strike', '180104'),
  ('Kin-Taras Baleful Cord', 'Armor', 'Cloth', 'Waist', 'Spires of Ascension', 'Kin-Tara', 'Flex', 'Haste', 'Versatility', '180109'),
  ('Shadowhirl Waistwrap', 'Armor', 'Leather', 'Waist', 'Spires of Ascension', 'Ventunax', 'Flex', 'Versatility', 'Mastery', '180111'),
  ('Dark Praetorians Clasp', 'Armor', 'Mail', 'Waist', 'Spires of Ascension', 'Ventunax', 'Flex', 'Mastery', 'Versatility', '180110'),
  ('Abyssal Disharmony Breeches', 'Armor', 'Leather', 'Legs', 'Spires of Ascension', 'Dovos, Paragon of Doubt', 'Flex', 'Versatility', 'Haste', '180108'),
  ('Purge Protocol Legwraps', 'Armor', 'Cloth', 'Legs', 'Spires of Ascension', 'Oryphrion', 'Flex', 'Mastery', 'Haste', '180107'),
  ('Warboots of Ruthless Conviction', 'Armor', 'Plate', 'Feet', 'Spires of Ascension', 'Kin-Tara', 'Flex', 'Mastery', 'Critical Strike', '180101'),
  ('Dark Stride Footwraps', 'Armor', 'Cloth', 'Feet', 'Spires of Ascension', 'Ventunax', 'Flex', 'Critical Strike', 'Haste', '180102'),
  ('Rimebinders Runeblade', 'Weapon', 'Swords', 'Two-Hand', 'The Necrotic Wake', 'Nalthor the Rimebinder', 'Strength', 'Haste', 'Versatility', '178780'),
  ('Stitchfleshs Scalpel', 'Weapon', 'Dagger', 'One-Hand', 'The Necrotic Wake', 'Surgeon Stitchflesh', 'Agility', 'Mastery', 'Critical Strike', '178743'),
  ('Engorged Worm Smasher', 'Weapon', 'Mace', 'One-Hand', 'The Necrotic Wake', 'Blightbone', 'Strength', 'Haste', 'Versatility', '178730'),
  ('Amarths Spellblade', 'Weapon', 'Sword', 'One-Hand', 'The Necrotic Wake', 'Amarth, The Harvester', 'Intellect', 'Critical Strike', 'Haste', '178737'),
  ('Blight Belcher', 'Weapon', 'Gun', 'Two-Hand', 'The Necrotic Wake', 'Blightbone', 'Agility', 'Versatility', 'Mastery', '178735'),
  ('Encrusted Canopic Lid', 'Weapon', 'Shield', 'One-Hand', 'The Necrotic Wake', 'Surgeon Stitchflesh', 'Flex', 'Critical Strike', 'Versatility', '178750'),
  ('Darkfrost Helmet', 'Armor', 'Plate', 'Head', 'The Necrotic Wake', 'Nalthor the Rimebinder', 'Flex', 'Versatility', 'Haste', '178777'),
  ('Abominable Visage', 'Armor', 'Cloth', 'Head', 'The Necrotic Wake', 'Blightbone', 'Flex', 'Critical Strike', 'Mastery', '178732'),
  ('Rattling Deadeye Hood', 'Armor', 'Mail', 'Head', 'The Necrotic Wake', 'Amarth, The Harvester', 'Flex', 'Critical Strike', 'Mastery', '178738'),
  ('Blightbone Spaulders', 'Armor', 'Mail', 'Shoulder', 'The Necrotic Wake', 'Blightbone', 'Flex', 'Versatility', 'Mastery', '178733'),
  ('Undying Chill Shoulderpads', 'Armor', 'Leather', 'Shoulder', 'The Necrotic Wake', 'Nalthor the Rimebinder', 'Flex', 'Mastery', 'Versatility', '178779'),
  ('Vile Butchers Pauldrons', 'Armor', 'Plate', 'Shoulder', 'The Necrotic Wake', 'Surgeon Stitchflesh', 'Flex', 'Critical Strike', 'Versatility', '178749'),
  ('Reanimators Mantle', 'Armor', 'Cloth', 'Shoulder', 'The Necrotic Wake', 'Amarth, The Harvester', 'Flex', 'Haste', 'Mastery', '178740'),
  ('Freshly Embalmed Jerkin', 'Armor', 'Leather', 'Chest', 'The Necrotic Wake', 'Surgeon Stitchflesh', 'Flex', 'Mastery', 'Critical Strike', '178744'),
  ('Necropolis Lords Shackles', 'Armor', 'Cloth', 'Wrist', 'The Necrotic Wake', 'Nalthor the Rimebinder', 'Flex', 'Mastery', 'Versatility', '178782'),
  ('Risen Monstrosity Cuffs', 'Armor', 'Leather', 'Wrist', 'The Necrotic Wake', 'Amarth, The Harvester', 'Flex', 'Haste', 'Versatility', '178741'),
  ('Gory Surgeons Gloves', 'Armor', 'Cloth', 'Hands', 'The Necrotic Wake', 'Surgeon Stitchflesh', 'Flex', 'Mastery', 'Critical Strike', '178748'),
  ('Fused Bone Greatbelt', 'Armor', 'Plate', 'Waist', 'The Necrotic Wake', 'Blightbone', 'Flex', 'Mastery', 'Versatility', '178734'),
  ('Lichbone Legguards', 'Armor', 'Mail', 'Legs', 'The Necrotic Wake', 'Nalthor the Rimebinder', 'Flex', 'Versatility', 'Haste', '178778'),
  ('Legplates of Unholy Frenzy', 'Armor', 'Plate', 'Legs', 'The Necrotic Wake', 'Amarth, The Harvester', 'Flex', 'Critical Strike', 'Mastery', '178739'),
  ('Striders of Restless Malice', 'Armor', 'Mail', 'Feet', 'The Necrotic Wake', 'Surgeon Stitchflesh', 'Flex', 'Versatility', 'Critical Strike', '178745'),
  ('Viscera-Stitched Footpads', 'Armor', 'Leather', 'Feet', 'The Necrotic Wake', 'Blightbone', 'Flex', 'Versatility', 'Critical Strike', '178731'),
  ('Ritual Commanders Ring', 'Armor', 'All', 'Ring', 'The Necrotic Wake', 'Nalthor the Rimebinder', 'Flex', 'Versatility', 'Critical Strike', '178781'),
  ('Stitchfleshs Misplaced Signet', 'Armor', 'All', 'Ring', 'The Necrotic Wake', 'Blightbone', 'Flex', 'Haste', 'Versatility', '178736'),
  ('Xavs Pike of Authority', 'Weapon', 'Polearm', 'Two-Hand', 'Theater of Pain', 'Xav the Unfallen', 'Agility', 'Versatility', 'Haste', '178865'),
  ('Dessias Decimating Decapitator', 'Weapon', 'Axe', 'Two-Hand', 'Theater of Pain', 'An Affront of Challengers', 'Strength', 'Critical Strike', 'Mastery', '178866'),
  ('Fleshcrafters Knife', 'Weapon', 'Dagger', 'One-Hand', 'Theater of Pain', 'Xav the Unfallen', 'Intellect', 'Haste', 'Versatility', '178789'),
  ('Gorebound Predators Gavel', 'Weapon', 'Mace', 'One-Hand', 'Theater of Pain', 'Xav the Unfallen', 'Agility', 'Versatility', 'Haste', '178864'),
  ('Gorestained Cleaver', 'Weapon', 'Axe', 'One-Hand', 'Theater of Pain', 'Xav the Unfallen', 'Strength', 'Mastery', 'Critical Strike', '178863'),
  ('Barricade of the Endless Empire', 'Weapon', 'Shield', 'One-Hand', 'Theater of Pain', 'Mordretha, the Endless Empress', 'Flex', 'Haste', 'Critical Strike', '178867'),
  ('Deathwalkers Promise', 'Weapon', 'Off-Hand', 'One-Hand', 'Theater of Pain', 'Mordretha, the Endless Empress', 'Intellect', 'Haste', 'Versatility', '178868'),
  ('Amphitheater Stalkers Hood', 'Armor', 'Mail', 'Head', 'Theater of Pain', 'An Affront of Challengers', 'Flex', 'Haste', 'Mastery', '178799'),
  ('Unyielding Combatants Pauldrons', 'Armor', 'Plate', 'Shoulder', 'Theater of Pain', 'Mordretha, the Endless Empress', 'Flex', 'Haste', 'Mastery', '178802'),
  ('Plague-Licked Amice', 'Armor', 'Cloth', 'Shoulder', 'Theater of Pain', 'An Affront of Challengers', 'Flex', 'Versatility', 'Mastery', '178803'),
  ('Triumphant Combatants Chainmail', 'Armor', 'Mail', 'Chest', 'Theater of Pain', 'Xav the Unfallen', 'Flex', 'Critical Strike', 'Haste', '178794'),
  ('Soulsewn Vestments', 'Armor', 'Cloth', 'Chest', 'Theater of Pain', 'Kultharok', 'Flex', 'Mastery', 'Critical Strike', '178792'),
  ('Vest of Concealed Secrets', 'Armor', 'Leather', 'Chest', 'Theater of Pain', 'An Affront of Challengers', 'Flex', 'Critical Strike', 'Haste', '178795'),
  ('Abdominal Securing Chestguard', 'Armor', 'Plate', 'Chest', 'Theater of Pain', 'Gorechop', 'Flex', 'Versatility', 'Critical Strike', '178793'),
  ('Pit Fighters Wristguards', 'Armor', 'Plate', 'Wrist', 'Theater of Pain', 'Xav the Unfallen', 'Flex', 'Versatility', 'Mastery', '178807'),
  ('Contanimated Gauze Wristwraps', 'Armor', 'Cloth', 'Wrist', 'Theater of Pain', 'Gorechop', 'Flex', 'Critical Strike', 'Versatility', '178806'),
  ('Grips of Overwhelming Beatings', 'Armor', 'Mail', 'Hands', 'Theater of Pain', 'Gorechop', 'Flex', 'Critical Strike', 'Haste', '178798'),
  ('Fallens Empresss Cord', 'Armor', 'Cloth', 'Waist', 'Theater of Pain', 'Mordretha, the Endless Empress', 'Flex', 'Versatility', 'Mastery', '178804'),
  ('Girdle of Shattered Dreams', 'Armor', 'Leather', 'Waist', 'Theater of Pain', 'Kultharok', 'Flex', 'Critical Strike', 'Versatility', '178805'),
  ('Fearless Challengers Leggings', 'Armor', 'Leather', 'Legs', 'Theater of Pain', 'Xav the Unfallen', 'Flex', 'Critical Strike', 'Mastery', '178801'),
  ('Galvanized Oxxein Legguards', 'Armor', 'Plate', 'Legs', 'Theater of Pain', 'An Affront of Challengers', 'Flex', 'Haste', 'Mastery', '178800'),
  ('Vanquished Usurpers Footpads', 'Armor', 'Leather', 'Feet', 'Theater of Pain', 'Mordretha, the Endless Empress', 'Flex', 'Haste', 'Critical Strike', '178797'),
  ('Boots of Shuddering Matter', 'Armor', 'Mail', 'Feet', 'Theater of Pain', 'Kultharok', 'Flex', 'Critical Strike', 'Haste', '178796'),
  ('Ring of Perpetual Conflict', 'Armor', 'All', 'Ring', 'Theater of Pain', 'Mordretha, the Endless Empress', 'Flex', 'Critical Strike', 'Mastery', '178872'),
  ('Ritual Bone Band', 'Armor', 'All', 'Ring', 'Theater of Pain', 'Kultharok', 'Flex', 'Versatility', 'Mastery', '178870'),
  ('Bloodoath Signet', 'Armor', 'All', 'Ring', 'Theater of Pain', 'An Affront of Challengers', 'Flex', 'Haste', 'Critical Strike', '178871'),
  ('Fleshfused Circle', 'Armor', 'All', 'Ring', 'Theater of Pain', 'Gorechop', 'Flex', 'Mastery', 'Critical Strike', '178869'),
  ('Diadem of Imperious Desire', 'Armor', 'Plate', 'Head', 'Castle Nathria', 'Sire Denathrius', 'Flex', 'Mastery', 'Haste', '182997'),
  ('Sadists Sinister Mask', 'Armor', 'Leather', 'Head', 'Castle Nathria', 'Sire Denathrius', 'Flex', 'Haste', 'Mastery', '182980'),
  ('Confidants Favored Cap', 'Armor', 'Cloth', 'Head', 'Castle Nathria', 'Lady Inerva Darkvein', 'Flex', 'Mastery', 'Haste', '183021'),
  ('Helm of Insatiable Appetite', 'Armor', 'Mail', 'Head', 'Castle Nathria', 'Hungering Destroyer', 'Flex', 'Haste', 'Mastery', '183001'),
  ('Charm of Eternal Winter', 'Armor', 'All', 'Neck', 'Castle Nathria', 'Huntsman Altimor', 'Flex', 'Mastery', 'Haste', '183040'),
  ('Nobles Birthstone Pendant', 'Armor', 'All', 'Back', 'Castle Nathria', 'The Council of Blood', 'Flex', 'Mastery', 'Critical Strike', '183039'),
  ('Pauldrons of Fatal Finality', 'Armor', 'Mail', 'Shoulder', 'Castle Nathria', 'Sire Denathrius', 'Flex', 'Mastery', 'Versatility', '183003'),
  ('Epaulettes of Overwhelming Force', 'Armor', 'Plate', 'Shoulder', 'Castle Nathria', 'Hungering Destroyer', 'Flex', 'Critical Strike', 'Haste', '182994'),
  ('Shawl of the Penitent', 'Armor', 'Cloth', 'Shoulder', 'Castle Nathria', 'Sire Denathrius', 'Flex', 'Haste', 'Critical Strike', '183020'),
  ('Wicked Flankers Gorget', 'Armor', 'Leather', 'Shoulder', 'Castle Nathria', 'Stone Legion Generals', 'Flex', 'Versatility', 'Critical Strike', '183029'),
  ('Crest of the Legionnaire General', 'Armor', 'All', 'Back', 'Castle Nathria', 'Stone Legion Generals', 'Flex', 'Haste', 'Versatility', '183032'),
  ('Cowled Batwing Cloak', 'Armor', 'All', 'Back', 'Castle Nathria', 'Shriekwing', 'Flex', 'Versatility', 'Mastery', '183034'),
  ('Mantle of Manifest Sins', 'Armor', 'All', 'Back', 'Castle Nathria', 'Sun Kings Salvation', 'Flex', 'Critical Strike', 'Mastery', '183033'),
  ('Rampaging Giants Chestplate', 'Armor', 'Plate', 'Chest', 'Castle Nathria', 'Sludgefist', 'Flex', 'Versatility', 'Critical Strike', '182999'),
  ('Master Huntsmans Bandolier', 'Armor', 'Mail', 'Chest', 'Castle Nathria', 'Huntsman Altimor', 'Flex', 'Mastery', 'Critical Strike', '182988'),
  ('Corset of the Deft Duelist', 'Armor', 'Leather', 'Chest', 'Castle Nathria', 'The Council of Blood', 'Flex', 'Haste', 'Critical Strike', '182989'),
  ('Consumptive Chainmail Carapace', 'Armor', 'Mail', 'Chest', 'Castle Nathria', 'Hungering Destroyer', 'Flex', 'Versatility', 'Haste', '183000'),
  ('Miasma-Lacquered Jerkin', 'Armor', 'Leather', 'Chest', 'Castle Nathria', 'Hungering Destroyer', 'Flex', 'Versatility', 'Haste', '183009'),
  ('Robes of the Cursed Commando', 'Armor', 'Cloth', 'Chest', 'Castle Nathria', 'Stone Legion Generals', 'Flex', 'Haste', 'Critical Strike', '182998'),
  ('High Torturers Smock', 'Armor', 'Cloth', 'Chest', 'Castle Nathria', 'Sun Kings Salvation', 'Flex', 'Critical Strike', 'Mastery', '182986'),
  ('Breastplate of Cautious Calculation', 'Armor', 'Plate', 'Chest', 'Castle Nathria', 'Artificer Xymox', 'Flex', 'Mastery', 'Critical Strike', '182987'),
  ('Bangles of Errant Pride', 'Armor', 'Mail', 'Wrist', 'Castle Nathria', 'Sun Kings Salvation', 'Flex', 'Critical Strike', 'Mastery', '182977'),
  ('Grim Pursuants Maille', 'Armor', 'Cloth', 'Wrist', 'Castle Nathria', 'Huntsman Altimor', 'Flex', 'Versatility', 'Critical Strike', '182996'),
  ('Hellhound Cuffs', 'Armor', 'Plate', 'Wrist', 'Castle Nathria', 'Huntsman Altimor', 'Flex', 'Haste', 'Critical Strike', '183018'),
  ('Precisely Calibrated Chronometer', 'Armor', 'Leather', 'Wrist', 'Castle Nathria', 'Artificer Xymox', 'Flex', 'Versatility', 'Mastery', '183019'),
  ('Bleakwings Assassins Grips', 'Armor', 'Leather', 'Hands', 'Castle Nathria', 'Sun Kings Salvation', 'Flex', 'Versatility', 'Haste', '183007'),
  ('Colossal Plate Gauntlets', 'Armor', 'Plate', 'Hands', 'Castle Nathria', 'Sludgefist', 'Flex', 'Haste', 'Versatility', '182984'),
  ('Gloves of Phantom Shadows', 'Armor', 'Leather', 'Hands', 'Castle Nathria', 'Lady Inerva Darkvein', 'Flex', 'Mastery', 'Critical Strike', '183026'),
  ('Impossibly Oversized Mitts', 'Armor', 'Cloth', 'Hands', 'Castle Nathria', 'Sludgefist', 'Flex', 'Mastery', 'Haste', '183022'),
  ('Oathsworn Soldiers Gauntlets', 'Armor', 'Mail', 'Hands', 'Castle Nathria', 'Stone Legion Generals', 'Flex', 'Critical Strike', 'Haste', '182991'),
  ('Castellans Chainlink Grips', 'Armor', 'Mail', 'Hands', 'Castle Nathria', 'The Council of Blood', 'Flex', 'Critical Strike', 'Mastery', '183014'),
  ('Heedless Pugilists Harness', 'Armor', 'Leather', 'Waist', 'Castle Nathria', 'Sludgefist', 'Flex', 'Haste', 'Versatility', '183005'),
  ('Clinch of Infinite Tightness', 'Armor', 'Cloth', 'Waist', 'Castle Nathria', 'Hungering Destroyer', 'Flex', 'Critical Strike', 'Versatility', '183028'),
  ('Double-Chained Utility Belt', 'Armor', 'Mail', 'Waist', 'Castle Nathria', 'Shriekwing', 'Flex', 'Versatility', 'Mastery', '182976'),
  ('Load-Bearing Belt', 'Armor', 'Mail', 'Waist', 'Castle Nathria', 'Sludgefist', 'Flex', 'Haste', 'Versatility', '183016'),
  ('Stoics Guardsmans Belt', 'Armor', 'Plate', 'Waist', 'Castle Nathria', 'Sung Kings Salvation', 'Flex', 'Haste', 'Mastery', '183025'),
  ('Shadwarped Sash', 'Armor', 'Cloth', 'Waist', 'Castle Nathria', 'Artificer Xymox', 'Flex', 'Haste', 'Critical Strike', '183004'),
  ('Spell-Woven Tourniquet', 'Armor', 'Leather', 'Waist', 'Castle Nathria', 'Huntsman Altimor', 'Flex', 'Critical Strike', 'Versatility', '182995'),
  ('Binding of Warped Desires', 'Armor', 'Plate', 'Waist', 'Castle Nathria', 'Lady Inerva Darkvein', 'Flex', 'Haste', 'Critical Strike', '183015'),
  ('Ceremonial Parade Legguards', 'Armor', 'Plate', 'Legs', 'Castle Nathria', 'Stone Legion Generals', 'Flex', 'Versatility', 'Mastery', '183002'),
  ('Chiropteran Leggings', 'Armor', 'Leather', 'Legs', 'Castle Nathria', 'Shriekwing', 'Flex', 'Mastery', 'Critical Strike', '182993'),
  ('Leggings of Lethal Reverberations', 'Armor', 'Cloth', 'Legs', 'Castle Nathria', 'Sludgefist', 'Flex', 'Versatility', 'Haste', '182981'),
  ('Courtiers Costume Trousers', 'Armor', 'Cloth', 'Legs', 'Castle Nathria', 'The Council of Blood', 'Flex', 'Mastery', 'Versatility', '183011'),
  ('Memento-Laden Cuisses', 'Armor', 'Mail', 'Legs', 'Castle Nathria', 'Lady Inerva Darkvein', 'Flex', 'Haste', 'Versatility', '182985'),
  ('Volatile Shadestitch Legguards', 'Armor', 'Leather', 'Legs', 'Castle Nathria', 'Hungering Destroyer', 'Flex', 'Mastery', 'Haste', '183024'),
  ('Endlessly Gluttonous Greaves', 'Armor', 'Plate', 'Legs', 'Castle Nathria', 'Hungering Destroyer', 'Flex', 'Mastery', 'Critical Strike', '182992'),
  ('Greaves of Enigmatic Energies', 'Armor', 'Mail', 'Legs', 'Castle Nathria', 'Artificer Xymox', 'Flex', 'Critical Strike', 'Mastery', '183012'),
  ('Stoneclas Stompers', 'Armor', 'Mail', 'Feet', 'Castle Nathria', 'Sludgefist', 'Flex', 'Critical Strike', 'Mastery', '183006'),
  ('Enchanted Toe-Tappers', 'Armor', 'Leather', 'Feet', 'Castle Nathria', 'The Council of Blood', 'Flex', 'Critical Strike', 'Versatility', '183030'),
  ('Slippers of the Forgotten Heretic', 'Armor', 'Cloth', 'Feet', 'Castle Nathria', 'Shriekwing', 'Flex', 'Critical Strike', 'Mastery', '182979'),
  ('Sparkling Glass Slippers', 'Armor', 'Cloth', 'Feet', 'Castle Nathria', 'The Council of Blood', 'Flex', 'Versatility', 'Critical Strike', '183023'),
  ('Stoneguard Attendants Boots', 'Armor', 'Plate', 'Feet', 'Castle Nathria', 'The Council of Blood', 'Flex', 'Haste', 'Critical Strike', '182983'),
  ('Errant Crusaders Greaves', 'Armor', 'Plate', 'Feet', 'Castle Nathria', 'Shriekwing', 'Flex', 'Haste', 'Mastery', '183027'),
  ('Most Regal Signet of Sire Denathrius', 'Armor', 'All', 'Ring', 'Castle Nathria', 'Sire Denathrius', 'Flex', 'Haste', 'Mastery', '183036'),
  ('Ritualists Treasured Ring', 'Armor', 'All', 'Ring', 'Castle Nathria', 'Lady Inerva Darkvein', 'Flex', 'Haste', 'Critical Strike', '183037'),
  ('Hyperlight Band', 'Armor', 'All', 'Ring', 'Castle Nathria', 'Artificer Xymox', 'Flex', 'Versatility', 'Mastery', '183038'),
  ('Sinful Gladiators Splitter', 'Weapon', 'Axe', 'One-Hand', 'PvP', 'Vendor', 'Agility', 'Versatility', 'Critical Strike', '174299'),
  ('Sinful Gladiators Hacker', 'Weapon', 'Axe', 'One-Hand', 'PvP', 'Vendor', 'Strength', 'Versatility', 'Critical Strike', '184546'),
  ('Sinful Gladiators Knife', 'Weapon', 'Dagger', 'One-Hand', 'PvP', 'Vendor', 'Agility', 'Versatility', 'Critical Strike', '177861'),
  ('Sinful Gladiators Ritual Dagger', 'Weapon', 'Dagger', 'One-Hand', 'PvP', 'Vendor', 'Intellect', 'Versatility', 'Critical Strike', '184548'),
  ('Sinful Gladiators Gladius', 'Weapon', 'Sword', 'One-Hand', 'PvP', 'Vendor', 'Agility', 'Versatility', 'Haste', '177846'),
  ('Sinful Gladiators Xiphos', 'Weapon', 'Sword', 'One-Hand', 'PvP', 'Vendor', 'Strength', 'Versatility', 'Haste', '184547'),
  ('Sinful Gladiators Ceremonial Sword', 'Weapon', 'Sword', 'One-Hand', 'PvP', 'Vendor', 'Intellect', 'Versatility', 'Haste', '177851'),
  ('Sinful Gladiators Warglaive', 'Weapon', 'Warglaive', 'One-Hand', 'PvP', 'Vendor', 'Agility', 'Versatility', 'Mastery', '184237'),
  ('Sinful Gladiators Lightbow', 'Weapon', 'Bow', 'Two-Hand', 'PvP', 'Vendor', 'Agility', 'Versatility', 'Haste', '177856'),
  ('Sinful Gladiators Greatmallet', 'Weapon', 'Mace', 'Two-Hand', 'PvP', 'Vendor', 'Strength', 'Versatility', 'Mastery', '180313'),
  ('Sinful Gladiators Dory', 'Weapon', 'Polearm', 'Two-Hand', 'PvP', 'Vendor', 'Agility', 'Versatility', 'Haste', '184549'),
  ('Sinful Gladiators Vesper', 'Weapon', 'Staff', 'Two-Hand', 'PvP', 'Vendor', 'Intellect', 'Versatility', 'Haste', '178971'),
  ('Sinful Gladiators Chalice', 'Weapon', 'Off-Hand', 'One-Hand', 'PvP', 'Vendor', 'Intellect', 'Versatility', 'Critical Strike', '177866'),
  ('Sinful Gladiators Guard', 'Weapon', 'Shield', 'One-Hand', 'PvP', 'Vendor', 'Flex', 'Versatility', 'Critical Strike', '174311'),
  ('Sinful Gladiators Silk Robe', 'Armor', 'Cloth', 'Chest', 'PvP', 'Vendor', 'Flex', 'Versatility', 'Haste', '175889'),
  ('Sinful Gladiators Silk Vestments', 'Armor', 'Cloth', 'Chest', 'PvP', 'Vendor', 'Flex', 'Versatility', 'Critical Strike', '178354'),
  ('Sinful Gladiators Silk Hood', 'Armor', 'Cloth', 'Head', 'PvP', 'Vendor', 'Flex', 'Versatility', 'Critical Strike', '175901'),
  ('Sinful Gladiators Silk Guise', 'Armor', 'Cloth', 'Head', 'PvP', 'Vendor', 'Flex', 'Versatility', 'Haste', '178366'),
  ('Sinful Gladiators Silk Leggings', 'Armor', 'Cloth', 'Legs', 'PvP', 'Vendor', 'Flex', 'Versatility', 'Haste', '175905'),
  ('Sinful Gladiators Silk Trousers', 'Armor', 'Cloth', 'Legs', 'PvP', 'Vendor', 'Flex', 'Versatility', 'Critical Strike', '178370'),
  ('Sinful Gladiators Leather Vest', 'Armor', 'Leather', 'Chest', 'PvP', 'Vendor', 'Flex', 'Versatility', 'Haste', '175892'),
  ('Sinful Gladiators Leather Jerkin', 'Armor', 'Leather', 'Chest', 'PvP', 'Vendor', 'Flex', 'Versatility', 'Critical Strike', '178357'),
  ('Sinful Gladiators Leather Helm', 'Armor', 'Leather', 'Head', 'PvP', 'Vendor', 'Flex', 'Versatility', 'Mastery', '175903'),
  ('Sinful Gladiators Leather Mask', 'Armor', 'Leather', 'Head', 'PvP', 'Vendor', 'Flex', 'Versatility', 'Haste', '178368'),
  ('Sinful Gladiators Leather Breeches', 'Armor', 'Leather', 'Legs', 'PvP', 'Vendor', 'Flex', 'Versatility', 'Haste', '175907'),
  ('Sinful Gladiators Leather Legwraps', 'Armor', 'Leather', 'Legs', 'PvP', 'Vendor', 'Flex', 'Versatility', 'Mastery', '178372'),
  ('Sinful Gladiators Chain Vest', 'Armor', 'Mail', 'Chest', 'PvP', 'Vendor', 'Flex', 'Versatility', 'Critical Strike', '175891'),
  ('Sinful Gladiators Chain Tunic', 'Armor', 'Mail', 'Chest', 'PvP', 'Vendor', 'Flex', 'Versatility', 'Mastery', '178356'),
  ('Sinful Gladiators Chain Helm', 'Armor', 'Mail', 'Head', 'PvP', 'Vendor', 'Flex', 'Versatility', 'Critical Strike', '175902'),
  ('Sinful Gladiators Chain Faceguard', 'Armor', 'Mail', 'Head', 'PvP', 'Vendor', 'Flex', 'Versatility', 'Haste', '178367'),
  ('Sinful Gladiators Chain Leggings', 'Armor', 'Mail', 'Legs', 'PvP', 'Vendor', 'Flex', 'Versatility', 'Critical Strike', '175906'),
  ('Sinful Gladiators Chain Breeches', 'Armor', 'Mail', 'Legs', 'PvP', 'Vendor', 'Flex', 'Versatility', 'Haste', '178371'),
  ('Sinful Gladiators Plate Chestguard', 'Armor', 'Plate', 'Chest', 'PvP', 'Vendor', 'Flex', 'Versatility', 'Haste', '175890'),
  ('Sinful Gladiators Plate Chestplate', 'Armor', 'Plate', 'Chest', 'PvP', 'Vendor', 'Flex', 'Versatility', 'Mastery', '178355'),
  ('Sinful Gladiators Plate Helm', 'Armor', 'Plate', 'Head', 'PvP', 'Vendor', 'Flex', 'Versatility', 'Mastery', '175887'),
  ('Sinful Gladiators Plate Helmet', 'Armor', 'Plate', 'Head', 'PvP', 'Vendor', 'Flex', 'Versatility', 'Critical Strike', '178352'),
  ('Sinful Gladiators Plate Legguards', 'Armor', 'Plate', 'Legs', 'PvP', 'Vendor', 'Flex', 'Versatility', 'Haste', '175904'),
  ('Sinful Gladiators Plate Wargreaves', 'Armor', 'Plate', 'Legs', 'PvP', 'Vendor', 'Flex', 'Versatility', 'Mastery', '178369'),
  ('Sinful Gladiators Silk Slippers', 'Armor', 'Cloth', 'Feet', 'PvP', 'Vendor', 'Flex', 'Versatility', 'Critical Strike', '175894'),
  ('Sinful Gladiators Silk Treads', 'Armor', 'Cloth', 'Feet', 'PvP', 'Vendor', 'Flex', 'Versatility', 'Mastery', '178359'),
  ('Sinful Gladiators Silk Gloves', 'Armor', 'Cloth', 'Hands', 'PvP', 'Vendor', 'Flex', 'Versatility', 'Haste', '175899'),
  ('Sinful Gladiators Silk Handwraps', 'Armor', 'Cloth', 'Hands', 'PvP', 'Vendor', 'Flex', 'Versatility', 'Mastery', '178364'),
  ('Sinful Gladiators Silk Mantle', 'Armor', 'Cloth', 'Shoulder', 'PvP', 'Vendor', 'Flex', 'Versatility', 'Haste', '175910'),
  ('Sinful Gladiators Silk Amice', 'Armor', 'Cloth', 'Shoulder', 'PvP', 'Vendor', 'Flex', 'Versatility', 'Mastery', '178375'),
  ('Sinful Gladiators Silk Cord', 'Armor', 'Cloth', 'Waist', 'PvP', 'Vendor', 'Flex', 'Versatility', 'Haste', '175913'),
  ('Sinful Gladiators Silk Belt', 'Armor', 'Cloth', 'Waist', 'PvP', 'Vendor', 'Flex', 'Versatility', 'Critical Strike', '178378'),
  ('Sinful Gladiators Leather Boots', 'Armor', 'Leather', 'Feet', 'PvP', 'Vendor', 'Flex', 'Versatility', 'Critical Strike', '175896'),
  ('Sinful Gladiators Leather Treads', 'Armor', 'Leather', 'Feet', 'PvP', 'Vendor', 'Flex', 'Versatility', 'Haste', '178361'),
  ('Sinful Gladiators Leather Gloves', 'Armor', 'Leather', 'Hands', 'PvP', 'Vendor', 'Flex', 'Versatility', 'Mastery', '175897'),
  ('Sinful Gladiators Leather Grips', 'Armor', 'Leather', 'Hands', 'PvP', 'Vendor', 'Flex', 'Versatility', 'Critical Strike', '178362'),
  ('Sinful Gladiators Leather Spaulders', 'Armor', 'Leather', 'Shoulder', 'PvP', 'Vendor', 'Flex', 'Versatility', 'Haste', '175908'),
  ('Sinful Gladiators Leather Shoulderpads', 'Armor', 'Leather', 'Shoulder', 'PvP', 'Vendor', 'Flex', 'Versatility', 'Critical Strike', '178373'),
  ('Sinful Gladiators Leather Belt', 'Armor', 'Leather', 'Waist', 'PvP', 'Vendor', 'Flex', 'Versatility', 'Critical Strike', '175915'),
  ('Sinful Gladiators Leather Strap', 'Armor', 'Leather', 'Waist', 'PvP', 'Vendor', 'Flex', 'Versatility', 'Haste', '178380'),
  ('Sinful Gladiators Chain Sabatons', 'Armor', 'Mail', 'Feet', 'PvP', 'Vendor', 'Flex', 'Versatility', 'Haste', '175895'),
  ('Sinful Gladiators Chain Boots', 'Armor', 'Mail', 'Feet', 'PvP', 'Vendor', 'Flex', 'Versatility', 'Mastery', '178360'),
  ('Sinful Gladiators Chain Guantlets', 'Armor', 'Mail', 'Hands', 'PvP', 'Vendor', 'Flex', 'Versatility', 'Critical Strike', '175900'),
  ('Sinful Gladiators Chain Handguards', 'Armor', 'Mail', 'Hands', 'PvP', 'Vendor', 'Flex', 'Versatility', 'Haste', '178365'),
  ('Sinful Gladiators Chain Monnion', 'Armor', 'Mail', 'Shoulder', 'PvP', 'Vendor', 'Flex', 'Versatility', 'Haste', '175911'),
  ('Sinful Gladiators Chain Shoulderguard', 'Armor' , 'Mail', 'Shoulder', 'PvP', 'Vendor', 'Flex', 'Versatility', 'Critical Strike', '178376'),
  ('Sinful Gladiators Chain Belt', 'Armor', 'Mail', 'Waist', 'PvP', 'Vendor', 'Flex', 'Versatility', 'Haste', '175914'),
  ('Sinful Gladiators Chain Girdle', 'Armor', 'Mail', 'Waist', 'PvP', 'Vendor', 'Flex', 'Versatility', 'Critical Strike', '178379'),
  ('Sinful Gladiators Plate Warboots', 'Armor', 'Plate', 'Feet', 'PvP', 'Vendor', 'Flex', 'Versatility', 'Haste', '175893'),
  ('Sinful Gladiators Plate Stompers', 'Armor', 'Plate', 'Feet', 'PvP', 'Vendor', 'Flex', 'Versatility', 'Critical Strike', '178358'),
  ('Sinful Gladiators Plate Guantlets', 'Armor', 'Plate', 'Hands', 'PvP', 'Vendor', 'Flex', 'Versatility', 'Critical Strike', '175898'),
  ('Sinful Gladiators Plate Handguards', 'Armor', 'Plate', 'Hands', 'PvP', 'Vendor', 'Flex', 'Versatility', 'Mastery', '178363'),
  ('Sinful Gladiators Plate Shoulders', 'Armor', 'Plate', 'Shoulder', 'PvP', 'Vendor', 'Flex', 'Versatility', 'Critical Strike', '175909'),
  ('Sinful Gladiators Plate Pauldrons', 'Armor', 'Plate', 'Shoulder', 'PvP', 'Vendor', 'Flex', 'Versatility', 'Haste', '178374'),
  ('Sinful Gladiators Plate Girdle', 'Armor', 'Plate', 'Waist', 'PvP', 'Vendor', 'Flex', 'Versatility', 'Critical Strike', '175912'),
  ('Sinful Gladiators Plate Greatbelt', 'Armor', 'Plate', 'Waist', 'PvP', 'Vendor', 'Flex', 'Versatility', 'Haste', '178377'),
  ('Sinful Gladiators Silk Wristwraps', 'Armor', 'Cloth', 'Wrist', 'PvP', 'Vendor', 'Flex', 'Versatility', 'Critical Strike', '175917'),
  ('Sinful Gladiators Silk Armbands', 'Armor', 'Cloth', 'Wrist', 'PvP', 'Vendor', 'Flex', 'Versatility', 'Haste', '178382'),
  ('Sinful Gladiators Leather Wristwraps', 'Armor', 'Leather', 'Wrist', 'PvP', 'Vendor', 'Flex', 'Versatility', 'Haste', '175920'),
  ('Sinful Gladiators Leather Wristguards', 'Armor', 'Leather', 'Wrist', 'PvP', 'Vendor', 'Flex', 'Versatility', 'Critical Strike', '178385'),
  ('Sinful Gladiators Chain Wristguards', 'Armor', 'Mail', 'Wrist', 'PvP', 'Vendor', 'Flex', 'Versatility', 'Mastery', '175919'),
  ('Sinful Gladiators Chain Bracers', 'Armor', 'Mail', 'Wrist', 'PvP', 'Vendor', 'Flex', 'Versatility', 'Haste', '178384'),
  ('Sinful Gladiators Plate Wristguards', 'Armor', 'Plate', 'Wrist', 'PvP', 'Vendor', 'Flex', 'Versatility', 'Critical Strike', '175918'),
  ('Sinful Gladiators Plate Vambraces', 'Armor', 'Plate', 'Wrist', 'PvP', 'Vendor', 'Flex', 'Versatility', 'Haste', '178383'),
  ('Sinful Gladiators Cloak', 'Armor', 'All', 'Back', 'PvP', 'Vendor', 'Flex', 'Versatility', 'Critical Strike', '175888'),
  ('Sinful Gladiators Drape', 'Armor', 'All', 'Back', 'PvP', 'Vendor', 'Flex', 'Versatility', 'Haste', '178353'),
  ('Sinful Gladiators Shawl', 'Armor', 'All', 'Back', 'PvP', 'Vendor', 'Flex', 'Versatility', 'Mastery', '178414'),
  ('Sinful Gladiators Greatcloak', 'Armor', 'All', 'Back', 'PvP', 'Vendor', 'Flex', 'Mastery', 'Critical Strike', '184311'),
  ('Sinful Gladiators Ring', 'Armor', 'All', 'Ring', 'PvP', 'Vendor', 'Flex', 'Versatility', 'Haste', '175916'),
  ('Sinful Gladiators Band', 'Armor', 'All', 'Ring', 'PvP', 'Vendor', 'Flex', 'Versatility', 'Critical Strike', '178381'),
  ('Sinful Gladiators Signet', 'Armor', 'All', 'Ring', 'PvP', 'Vendor', 'Flex', 'Versatility', 'Mastery', '178442'),
  ('Sinful Gladiators Necklace', 'Armor', 'All', 'Neck', 'PvP', 'Vendor', 'Flex', 'Versatility', 'Haste', '175922'),
  ('Sinful Gladiators Pendant', 'Armor', 'All', 'Neck', 'PvP', 'Vendor', 'Flex', 'Versatility', 'Critical Strike', '178387'),
  ('Sinful Gladiators Amulet', 'Armor', 'All', 'Neck', 'PvP', 'Vendor', 'Flex', 'Versatility', 'Mastery', '178448'),
  ('Dutiful Disciples Cleaver', 'Weapon', 'Axe', 'One-Hand', 'Castle Nathria', 'Vendor', 'Agility', 'Haste', 'Critical Strike', '174298'),
  ('Labrys of the Loyal Larion', 'Weapon', 'Axe', 'One-Hand', 'Castle Nathria', 'Vendor', 'Agility', 'Versatility', 'Mastery', '174302'),
  ('Sacred Sparrers Edge', 'Weapon', 'Axe', 'One-Hand', 'Castle Nathria', 'Vendor', 'Strength', 'Critical Strike', 'Mastery', '184275'),
  ('Reaver of Renewed Resolve', 'Weapon', 'Axe', 'One-Hand', 'Castle Nathria', 'Vendor', 'Strength', 'Haste', 'Versatility', '184274'),
  ('Forked Blade of Fortitude', 'Weapon', 'Dagger', 'One-Hand', 'Castle Nathria', 'Vendor', 'Agility', 'Critical Strike', 'Mastery', '175251'),
  ('Faithful Sidearm', 'Weapon', 'Dagger', 'One-Hand', 'Castle Nathria', 'Vendor', 'Agility', 'Haste', 'Versatility', '177865'),
  ('Puremind Piercer', 'Weapon', 'Dagger', 'One-Hand', 'Castle Nathria', 'Vendor', 'Intellect', 'Mastery', 'Versatility', '184273'),
  ('Diciples Peacebound Poniard', 'Weapon', 'Dagger', 'One-Hand', 'Castle Nathria', 'Vendor', 'Intellect', 'Haste', 'Critical Strike', '184270'),
  ('Meditations Muse', 'Weapon', 'Sword', 'One-Hand', 'Castle Nathria', 'Vendor', 'Intellect', 'Mastery', 'Versatility', '177850'),
  ('Spellblade of Antiquity', 'Weapon', 'Sword', 'One-Hand', 'Castle Nathria', 'Vendor', 'Intellect', 'Haste', 'Critical Strike', '177855'),
  ('Lost Soul Xiphos', 'Weapon', 'Sword', 'One-Hand', 'Castle Nathria', 'Vendor', 'Agility', 'Haste', 'Critical Strike', '175279'),
  ('Soulbearers Blade of Salvation', 'Weapon', 'Sword', 'One-Hand', 'Castle Nathria', 'Vendor', 'Agility', 'Versatility', 'Mastery', '177849'),
  ('Ascended Gladius of Glory', 'Weapon', 'Sword', 'One-Hand', 'Castle Nathria', 'Vendor', 'Strength', 'Critical Strike', 'Mastery', '184272'),
  ('Xandrias Kopis of Courage', 'Weapon', 'Sword', 'One-Hand', 'Castle Nathria', 'Vendor', 'Strength', 'Haste', 'Versatility', '184271'),
  ('Truthseeker Longbow', 'Weapon', 'Bow', 'Two-Hand', 'Castle Nathria', 'Vendor', 'Agility', 'Mastery', 'Haste', '176098'),
  ('Silvered Recurve of Reconciliation', 'Weapon', 'Bow', 'Two-Hand', 'Castle Nathria', 'Vendor', 'Agility', 'Critical Strike', 'Versatility', '177860'),
  ('Guarding Cudgel of the Goliath', 'Weapon', 'Mace', 'Two-Hand', 'Castle Nathria', 'Vendor', 'Strength', 'Versatility', 'Critical Strike', '180312'),
  ('Polemarchs Scepters of Faith', 'Weapon', 'Mace', 'Two-Hand', 'Castle Nathria', 'Vendor', 'Strength', 'Mastery', 'Haste', '180315'),
  ('Pike of the Honored Peltast', 'Weapon', 'Polearm', 'Two-Hand', 'Castle Nathria', 'Vendor', 'Agility', 'Mastery', 'Critical Strike', '184230'),
  ('Archons Guiding Glaive', 'Weapon', 'Polearm', 'Two-Hand', 'Castle Nathria', 'Vendor', 'Agility', 'Versatility', 'Mastery', '177872'),
  ('Symphonic Chimekeeper', 'Weapon', 'Staff', 'Two-Hand', 'Castle Nathria', 'Vendor', 'Intellect', 'Versatility', 'Critical Strike', '178973'),
  ('Vestiphones Vesper of Reflection', 'Weapon', 'Staff', 'Two-Hand', 'Castle Nathria', 'Vendor', 'Intellect', 'Mastery', 'Haste', '178975'),
  ('Warglaive of Devoted Might', 'Weapon', 'Warglaive', 'One-Hand', 'Castle Nathria', 'Vendor', 'Agility', 'Haste', 'Critical Strike', '184236'),
  ('Praetorian Wingblade', 'Weapon', 'Warglaive', 'One-Hand', 'Castle Nathria', 'Vendor', 'Agility', 'Versatility', 'Mastery', '184243'),
  ('Burning Beacon of Hope', 'Weapon', 'Off-Hand', 'One-Hand', 'Castle Nathria', 'Vendor', 'Intellect', 'Haste', 'Mastery', '175254'),
  ('Thenioss Beacon of Foresight', 'Weapon', 'Off-Hand', 'One-Hand', 'Castle Nathria', 'Vendor', 'Intellect', 'Mastery', 'Versatility', '177870'),
  ('Elysian Sentinels Aegis', 'Weapon', 'Shield', 'One-Hand', 'Castle Nathria', 'Vendor', 'Flex', 'Haste', 'Critical Strike', '174310'),
  ('Chyruss Crest of Hope', 'Weapon', 'Shield', 'One-Hand', 'Castle Nathria', 'Vendor', 'Flex', 'Versatility', 'Mastery', '174315'),
  ('Mystic Anima Spherule', 'Weapon', 'All', 'All', 'Castle Nathria', 'Sire Denathrius', 'Flex', 'Flex', 'Flex', '183897'),
  ('Apogee Anima Bead', 'Weapon', 'All', 'All', 'Castle Nathria', 'Stone Legion Gernerals', 'Flex', 'Flex', 'Flex', '183895'),
  ('Venerated Anima Spherule', 'Weapon', 'All', 'All', 'Castle Nathria', 'Sire Denathrius', 'Flex', 'Flex', 'Flex', '183898'),
  ('Thaumaturgic Anima Bead', 'Weapon', 'All', 'All', 'Castle Nathria', 'Stone Legion Gernerals', 'Flex', 'Flex', 'Flex', '183894'),
  ('Zenith Anima Spherule', 'Weapon', 'All', 'All', 'Castle Nathria', 'Sire Denathrius', 'Flex', 'Flex', 'Flex', '183899'),
  ('Abominable Anima Spherule', 'Weapon', 'All', 'All', 'Castle Nathria', 'Sire Denathrius', 'Flex', 'Flex', 'Flex', '183896');

INSERT INTO fury_warrior (item_name, item_category, item_type, item_class, item_location, item_source, main_stat, primary_stat, secondary_stat, item_id)
VALUES
  ('Diadem of Imperious Desire', 'Armor', 'Plate', 'Head', 'Castle Nathria', 'Sire Denathrius', 'Flex', 'Mastery', 'Haste', '182997'),
  ('Charm of Eternal Winter', 'Armor', 'All', 'Neck', 'Castle Nathria', 'Huntsman Altimor', 'Flex', 'Mastery', 'Haste', '183040'),
  ('Epaulettes of Overwhelming Force', 'Armor', 'Plate', 'Shoulder', 'Castle Nathria', 'Hungering Destroyer', 'Flex', 'Critical Strike', 'Haste', '182994'),
  ('Crest of the Legionnaire General', 'Armor', 'All', 'Back', 'Castle Nathria', 'Stone Legion Generals', 'Flex', 'Haste', 'Versatility', '183032'),
  ('Breastplate of Cautious Calculation', 'Armor', 'Plate', 'Chest', 'Castle Nathria', 'Artificer Xymox', 'Flex', 'Mastery', 'Critical Strike', '182987'),
  ('Hellhound Cuffs', 'Armor', 'Plate', 'Wrist', 'Castle Nathria', 'Huntsman Altimor', 'Flex', 'Haste', 'Critical Strike', '183018'),
  ('Colossal Plate Gauntlets', 'Armor', 'Plate', 'Hands', 'Castle Nathria', 'Sludgefist', 'Flex', 'Haste', 'Versatility', '182984'),
  ('Binding of Warped Desires', 'Armor', 'Plate', 'Waist', 'Castle Nathria', 'Lady Inerva Darkvein', 'Flex', 'Haste', 'Critical Strike', '183015'),
  ('Endlessly Gluttonous Greaves', 'Armor', 'Plate', 'Legs', 'Castle Nathria', 'Hungering Destroyer', 'Flex', 'Mastery', 'Critical Strike', '182992'),
  ('Errant Crusaders Greaves', 'Armor', 'Plate', 'Feet', 'Castle Nathria', 'Shriekwing', 'Flex', 'Haste', 'Mastery', '183027'),
  ('Most Regal Signet of Sire Denathrius', 'Armor', 'All', 'Ring', 'Castle Nathria', 'Sire Denathrius', 'Flex', 'Haste', 'Mastery', '183036'),
  ('Ritualists Treasured Ring', 'Armor', 'All', 'Ring', 'Castle Nathria', 'Lady Inerva Darkvein', 'Flex', 'Haste', 'Critical Strike', '183037'),
  ('Zenith Anima Spherule', 'Weapon', 'All', 'All', 'Castle Nathria', 'Sire Denathrius', 'Flex', 'Flex', 'Flex', '183899'),
  ('Zenith Anima Spherule', 'Weapon', 'All', 'All', 'Castle Nathria', 'Sire Denathrius', 'Flex', 'Flex', 'Flex', '183899');

INSERT INTO arms_warrior (item_name, item_category, item_type, item_class, item_location, item_source, main_stat, primary_stat, secondary_stat, item_id)
VALUES
  ('Diadem of Imperious Desire', 'Armor', 'Plate', 'Head', 'Castle Nathria', 'Sire Denathrius', 'Flex', 'Mastery', 'Haste', '182997'),
  ('Nobles Birthstone Pendant', 'Armor', 'All', 'Neck', 'Castle Nathria', 'The Council of Blood', 'Flex', 'Mastery', 'Critical Strike', '183039'),
  ('Epaulettes of Overwhelming Force', 'Armor', 'Plate', 'Shoulder', 'Castle Nathria', 'Hungering Destroyer', 'Flex', 'Critical Strike', 'Haste', '182994'),
  ('Crest of the Legionnaire General', 'Armor', 'All', 'Back', 'Castle Nathria', 'Stone Legion Generals', 'Flex', 'Haste', 'Versatility', '183032'),
  ('Breastplate of Cautious Calculation', 'Armor', 'Plate', 'Chest', 'Castle Nathria', 'Artificer Xymox', 'Flex', 'Mastery', 'Critical Strike', '182987'),
  ('Hellhound Cuffs', 'Armor', 'Plate', 'Wrist', 'Castle Nathria', 'Huntsman Altimor', 'Flex', 'Haste', 'Critical Strike', '183018'),
  ('Colossal Plate Gauntlets', 'Armor', 'Plate', 'Hands', 'Castle Nathria', 'Sludgefist', 'Flex', 'Haste', 'Versatility', '182984'),
  ('Binding of Warped Desires', 'Armor', 'Plate', 'Waist', 'Castle Nathria', 'Lady Inerva Darkvein', 'Flex', 'Haste', 'Critical Strike', '183015'),
  ('Ceremonial Parade Legguards', 'Armor', 'Plate', 'Legs', 'Castle Nathria', 'Stone Legion Generals', 'Flex', 'Versatility', 'Mastery', '183002'),
  ('Errant Crusaders Greaves', 'Armor', 'Plate', 'Feet', 'Castle Nathria', 'Shriekwing', 'Flex', 'Haste', 'Mastery', '183027'),
  ('Most Regal Signet of Sire Denathrius', 'Armor', 'All', 'Ring', 'Castle Nathria', 'Sire Denathrius', 'Flex', 'Haste', 'Mastery', '183036'),
  ('Ritualists Treasured Ring', 'Armor', 'All', 'Ring', 'Castle Nathria', 'Lady Inerva Darkvein', 'Flex', 'Haste', 'Critical Strike', '183037'),
  ('Zenith Anima Spherule', 'Weapon', 'All', 'All', 'Castle Nathria', 'Sire Denathrius', 'Flex', 'Flex', 'Flex', '183899');

INSERT INTO protection_warrior (item_name, item_category, item_type, item_class, item_location, item_source, main_stat, primary_stat, secondary_stat, item_id)
VALUES
  ('Diadem of Imperious Desire', 'Armor', 'Plate', 'Head', 'Castle Nathria', 'Sire Denathrius', 'Flex', 'Mastery', 'Haste', '182997'),
  ('Charm of Eternal Winter', 'Armor', 'All', 'Neck', 'Castle Nathria', 'Huntsman Altimor', 'Flex', 'Mastery', 'Haste', '183040'),
  ('Epaulettes of Overwhelming Force', 'Armor', 'Plate', 'Shoulder', 'Castle Nathria', 'Hungering Destroyer', 'Flex', 'Critical Strike', 'Haste', '182994'),
  ('Crest of the Legionnaire General', 'Armor', 'All', 'Back', 'Castle Nathria', 'Stone Legion Generals', 'Flex', 'Haste', 'Versatility', '183032'),
  ('Breastplate of Cautious Calculation', 'Armor', 'Plate', 'Chest', 'Castle Nathria', 'Artificer Xymox', 'Flex', 'Mastery', 'Critical Strike', '182987'),
  ('Hellhound Cuffs', 'Armor', 'Plate', 'Wrist', 'Castle Nathria', 'Huntsman Altimor', 'Flex', 'Haste', 'Critical Strike', '183018'),
  ('Colossal Plate Gauntlets', 'Armor', 'Plate', 'Hands', 'Castle Nathria', 'Sludgefist', 'Flex', 'Haste', 'Versatility', '182984'),
  ('Binding of Warped Desires', 'Armor', 'Plate', 'Waist', 'Castle Nathria', 'Lady Inerva Darkvein', 'Flex', 'Haste', 'Critical Strike', '183015'),
  ('Ceremonial Parade Legguards', 'Armor', 'Plate', 'Legs', 'Castle Nathria', 'Stone Legion Generals', 'Flex', 'Versatility', 'Mastery', '183002'),
  ('Stoneguard Attendants Boots', 'Armor', 'Plate', 'Feet', 'Castle Nathria', 'The Council of Blood', 'Flex', 'Haste', 'Critical Strike', '182983'),
  ('Most Regal Signet of Sire Denathrius', 'Armor', 'All', 'Ring', 'Castle Nathria', 'Sire Denathrius', 'Flex', 'Haste', 'Mastery', '183036'),
  ('Ritualists Treasured Ring', 'Armor', 'All', 'Ring', 'Castle Nathria', 'Lady Inerva Darkvein', 'Flex', 'Haste', 'Critical Strike', '183037'),
  ('Zenith Anima Spherule', 'Weapon', 'All', 'All', 'Castle Nathria', 'Sire Denathrius', 'Flex', 'Flex', 'Flex', '183899'),
  ('Apogee Anima Bead', 'Weapon', 'All', 'All', 'Castle Nathria', 'Stone Legion Gernerals', 'Flex', 'Flex', 'Flex', '183895');

INSERT INTO marksman_hunter (item_name, item_category, item_type, item_class, item_location, item_source, main_stat, primary_stat, secondary_stat, item_id)
VALUES
('Helm of Insatiable Appetite', 'Armor', 'Mail', 'Head', 'Castle Nathria', 'Hungering Destroyer', 'Flex', 'Haste', 'Mastery', '183001'),
('Nobles Birthstone Pendant', 'Armor', 'All', 'Neck', 'Castle Nathria', 'The Council of Blood', 'Flex', 'Mastery', 'Critical Strike', '183039'),
('Pauldrons of Fatal Finality', 'Armor', 'Mail', 'Shoulder', 'Castle Nathria', 'Sire Denathrius', 'Flex', 'Mastery', 'Versatility', '183003'),
('Mantle of Manifest Sins', 'Armor', 'All', 'Back', 'Castle Nathria', 'Sun Kings Salvation', 'Flex', 'Critical Strike', 'Mastery', '183033'),
('Master Huntsmans Bandolier', 'Armor', 'Mail', 'Chest', 'Castle Nathria', 'Huntsman Altimor', 'Flex', 'Mastery', 'Critical Strike', '182988'),
('Bangles of Errant Pride', 'Armor', 'Mail', 'Wrist', 'Castle Nathria', 'Sun Kings Salvation', 'Flex', 'Critical Strike', 'Mastery', '182977'),
('Oathsworn Soldiers Gauntlets', 'Armor', 'Mail', 'Hands', 'Castle Nathria', 'Stone Legion Generals', 'Flex', 'Critical Strike', 'Haste', '182991'),
('Double-Chained Utility Belt', 'Armor', 'Mail', 'Waist', 'Castle Nathria', 'Shriekwing', 'Flex', 'Versatility', 'Mastery', '182976'),
('Greaves of Enigmatic Energies', 'Armor', 'Mail', 'Legs', 'Castle Nathria', 'Artificer Xymox', 'Flex', 'Critical Strike', 'Mastery', '183012'),
('Stoneclas Stompers', 'Armor', 'Mail', 'Feet', 'Castle Nathria', 'Sludgefist', 'Flex', 'Critical Strike', 'Mastery', '183006'),
('Most Regal Signet of Sire Denathrius', 'Armor', 'All', 'Ring', 'Castle Nathria', 'Sire Denathrius', 'Flex', 'Haste', 'Mastery', '183036'),
('Hyperlight Band', 'Armor', 'All', 'Ring', 'Castle Nathria', 'Artificer Xymox', 'Flex', 'Versatility', 'Mastery', '183038'),
('Mystic Anima Spherule', 'Weapon', 'All', 'All', 'Castle Nathria', 'Sire Denathrius', 'Flex', 'Flex', 'Flex', '183897');

INSERT INTO beast_mastery_hunter (item_name, item_category, item_type, item_class, item_location, item_source, main_stat, primary_stat, secondary_stat, item_id)
VALUES
('Helm of Insatiable Appetite', 'Armor', 'Mail', 'Head', 'Castle Nathria', 'Hungering Destroyer', 'Flex', 'Haste', 'Mastery', '183001'),
('Charm of Eternal Winter', 'Armor', 'All', 'Neck', 'Castle Nathria', 'Huntsman Altimor', 'Flex', 'Mastery', 'Haste', '183040'),
('Pauldrons of Fatal Finality', 'Armor', 'Mail', 'Shoulder', 'Castle Nathria', 'Sire Denathrius', 'Flex', 'Mastery', 'Versatility', '183003'),
('Crest of the Legionnaire General', 'Armor', 'All', 'Back', 'Castle Nathria', 'Stone Legion Generals', 'Flex', 'Haste', 'Versatility', '183032'),
('Consumptive Chainmail Carapace', 'Armor', 'Mail', 'Chest', 'Castle Nathria', 'Hungering Destroyer', 'Flex', 'Versatility', 'Haste', '183000'),
('Bangles of Errant Pride', 'Armor', 'Mail', 'Wrist', 'Castle Nathria', 'Sun Kings Salvation', 'Flex', 'Critical Strike', 'Mastery', '182977'),
('Oathsworn Soldiers Gauntlets', 'Armor', 'Mail', 'Hands', 'Castle Nathria', 'Stone Legion Generals', 'Flex', 'Critical Strike', 'Haste', '182991'),
('Load-Bearing Belt', 'Armor', 'Mail', 'Waist', 'Castle Nathria', 'Sludgefist', 'Flex', 'Haste', 'Versatility', '183016'),
('Memento-Laden Cuisses', 'Armor', 'Mail', 'Legs', 'Castle Nathria', 'Lady Inerva Darkvein', 'Flex', 'Haste', 'Versatility', '182985'),
('Spatial Rift Striders', 'Armor', 'Mail', 'Feet', 'De Other Side', 'Dealer Xyexa', 'Flex', 'Haste', 'Critical Strike', '179345'),
('Most Regal Signet of Sire Denathrius', 'Armor', 'All', 'Ring', 'Castle Nathria', 'Sire Denathrius', 'Flex', 'Haste', 'Mastery', '183036'),
('Ritualists Treasured Ring', 'Armor', 'All', 'Ring', 'Castle Nathria', 'Lady Inerva Darkvein', 'Flex', 'Haste', 'Critical Strike', '183037'),
('Mystic Anima Spherule', 'Weapon', 'All', 'All', 'Castle Nathria', 'Sire Denathrius', 'Flex', 'Flex', 'Flex', '183897');

INSERT INTO beast_mastery_hunter (item_name, item_category, item_type, item_class, item_location, item_source, main_stat, primary_stat, secondary_stat, item_id)
VALUES
('Nathrian Usurpers Mask', 'Armor', 'Mail', 'Head', 'Halls of Atonement', 'Lord Chamberlain', 'Flex', 'Versatility', 'Haste', '178816'),
('Sin Stained Pendant', 'Armor', 'All', 'Neck', 'Halls of Atonement', 'Halkias, the Sin-Stained Goliath', 'Flex', 'Haste', 'Mastery', '178827'),
('Plagueborne Shoulderguards', 'Armor', 'Mail', 'Shoulder', 'Plaguefall', 'Margrave Stradama', 'Flex', 'Critical Strike', 'Versatility', '178764'),
('Drape of Twisted Loyalties', 'Armor', 'All', 'Back', 'Spires of Ascension', 'Devos, Paragon of Doubt', 'Flex', 'Haste', 'Critical Strike', '180123'),
('Harness of Twisted Whims', 'Armor', 'Mail', 'Chest', 'De Other Side', 'Muehzala', 'Flex', 'Haste','Critical Strike', '179353'),
('Fallen Paragons Armguards', 'Armor', 'Mail', 'Wrist', 'Spires of Ascension', 'Devos, Paragon of Doubt', 'Flex', 'Haste', 'Versatility', '180114'),
('Absonant Constructs Handguards', 'Armor', 'Mail', 'Hands', 'Spires of Ascension', 'Oryphrion', 'Flex', 'Versatility', 'Haste', '180105'),
('Executors Prideful Girdle', 'Armor', 'Mail', 'Waist', 'Sanguine Depths', 'Executor Tarvold', 'Flex', 'Haste', 'Versatility', '178843'),
('Lichbone Legguards', 'Armor', 'Mail', 'Legs', 'The Necrotic Wake', 'Nalthor the Rimebinder', 'Flex', 'Versatility', 'Haste', '178778'),
('Spatial Rift Striders', 'Armor', 'Mail', 'Feet', 'De Other Side', 'Dealer Xyexa', 'Flex', 'Haste', 'Critical Strike', '179345'),
('Stitchfleshs Misplaced Signet', 'Armor', 'All', 'Ring', 'The Necrotic Wake', 'Blightbone', 'Flex', 'Haste', 'Versatility', '178736'),
('Bloodoath Signet', 'Armor', 'All', 'Ring', 'Theater of Pain', 'An Affront of Challengers', 'Flex', 'Haste', 'Critical Strike', '178871'),
('Halberd of the Aranakk', 'Weapon', 'Polearm', 'Two-Hand', 'Plaguefall', 'Domina Venomblade', 'Agility', 'Haste', 'Critical Strike', '178929');

COMMIT;
